Brand,Name,Price,Image
Armani,Emporio Stronger With You Intensely,"289,10",https://cdn.notinoimg.com/list_2k//armani/3614272225718_01-o__190118.jpg
Yves Saint Laurent,Y,"421,30",https://cdn.notinoimg.com/list_2k//yves-saint-laurent/9005803473663_01-o__181025.jpg
Versace,Eros,"199,00",https://cdn.notinoimg.com/list_2k//versace/8011003809219_02-o__130429.jpg
Versace,Pour Homme,"179,40",https://cdn.notinoimg.com/list_2k//versace/8011003995967-o__130123.jpg
Narciso Rodriguez,for him Bleu Noir,"302,10",https://cdn.notinoimg.com/list_2k//narciso-rodriguez/3423478807655_01__180813.jpg
NOVELLISTA,Unique Wood,"428,00",https://cdn.notinoimg.com/list_2k//novellista/novellista-unique_wood_01-o__201006.jpg
Montblanc,Explorer,"166,60",https://cdn.notinoimg.com/list_2k//montblanc/3386460101042_01-o__190411.jpg
Armani,Acqua di Giò Parfum,"332,60",https://cdn.notinoimg.com/list_2k//armani/3614273906470_01-o__230504.jpg
Yves Saint Laurent,MYSLF,"354,20",https://cdn.notinoimg.com/list_2k//yves-saint-laurent/3614273852814_01-o__230726.jpg
Lattafa,Khamrah,"175,00",https://cdn.notinoimg.com/list_2k//lattafa/6291108737194_01-o__220926.jpg
Jaguar,Classic Black,"41,60",https://cdn.notinoimg.com/list_2k//jaguar/3562700373169_01-o__200323.jpg
Bentley,For Men Intense,"138,80",https://cdn.notinoimg.com/list_2k//bentley/7640111497547x_01-o__130605.jpg
Lattafa,Asad,"125,00",https://cdn.notinoimg.com/list_2k//lattafa/6291108735411_01-o__220926.jpg
Rabanne,Invictus,"93,60",https://cdn.notinoimg.com/list_2k//paco-rabanne/3349668515660_01-o__130905.jpg
Hugo Boss,BOSS Bottled,"187,20",https://cdn.notinoimg.com/list_2k//hugo-boss/hugno6m_aedt10_03-o__230425.jpg
Guess,Seductive Homme Noir,"77,80",https://cdn.notinoimg.com/list_2k//guess/085715320377_01-o__191125.jpg
Versace,Eros,"269,00",https://cdn.notinoimg.com/list_2k//versace/8011003861224_01-o__201025.jpg
Calvin Klein,CK One,"135,70",https://cdn.notinoimg.com/list_2k//calvin-klein/088300607433_02-o__130515.jpg
Rabanne,1 Million Parfum,"302,90",https://cdn.notinoimg.com/list_2k//paco-rabanne/3349668579839_01-o__230202.jpg
Jimmy Choo,Man Ice,"180,20",https://cdn.notinoimg.com/list_2k//jimmy-choo/3386460082174_02-o__170509.jpg
David Beckham,Classic Blue,"60,70",https://cdn.notinoimg.com/list_2k//david-beckham/3616303461980_01-o__230208.jpg
Calvin Klein,CK IN2U,"85,20",https://cdn.notinoimg.com/list_2k//calvin-klein/caki2um_aedt10_02-o__130904.jpg
Lattafa,Musamam White Intense,"206,20",https://cdn.notinoimg.com/list_2k//lattafa/6290360593159_01-o__231122.jpg
Adidas,Active Bodies,"78,10",https://cdn.notinoimg.com/list_2k//adidas/4004775312005_01-o__181113.jpg
Lacoste,Essential,"160,80",https://cdn.notinoimg.com/list_2k//lacoste/737052483214_01-o__220916.jpg
Afnan,9 PM,"134,00",https://cdn.notinoimg.com/list_2k//afnan/6290171002338_01-o__210929.jpg
Rabanne,1 Million,"124,00",https://cdn.notinoimg.com/list_2k//paco-rabanne/3349666007921m_01-o__130301.jpg
Davidoff,Cool Water Intense,"94,20",https://cdn.notinoimg.com/list_2k//davidoff/3614228174275_01-o__190703.jpg
Versace,Eros Flame,"193,20",https://cdn.notinoimg.com/list_2k//versace/8011003845354_01-o__190725.jpg
Armani,Acqua di Giò Profondo,"410,00",https://cdn.notinoimg.com/list_2k//armani/3614272865235_01-o__200310.jpg
Lattafa,Azeezah,"66,00",https://cdn.notinoimg.com/list_2k//lattafa/6291107453668_01-o__221010.jpg
DIOR,Sauvage,"345,00",https://cdn.notinoimg.com/list_2k//dior/3348901368247_01__200828.jpg
Lattafa,Qaed Al Fursan,"79,70",https://cdn.notinoimg.com/list_2k//lattafa/6291107455365_01-o__220926.jpg
Hugo Boss,BOSS The Scent Absolute,"246,00",https://cdn.notinoimg.com/list_2k//hugo-boss/3614228719056_01-o__190820.jpg
Jean Paul Gaultier,Le Male Le Parfum,"361,90",https://cdn.notinoimg.com/list_2k//jean-paul-gaultier/8435415032315_01-o__200617.jpg
Lattafa,Confidential Private Gold,"93,70",https://cdn.notinoimg.com/list_2k//lattafa/6291107459707_01-o__220926.jpg
Valentino,Born In Roma Intense Uomo,"399,40",https://cdn.notinoimg.com/list_2k//valentino/3614273790826_01-o__230213.jpg
Hugo Boss,BOSS Bottled Elixir,"333,30",https://cdn.notinoimg.com/list_2k//hugo-boss/3616304691645_01-o__230907.jpg
Zimaya,Sharaf Blend,"184,50",https://cdn.notinoimg.com/list_2k//zimaya/6290171074205_01-o__231204.jpg
Mexx,Black Man,"67,40",https://cdn.notinoimg.com/list_2k//mexx/3614228834728_01-o__210823.jpg
Jean Paul Gaultier,Le Beau Le Parfum Intense,"453,00",https://cdn.notinoimg.com/list_2k//jean-paul-gaultier/8435415062190_01-o__220209.jpg
Carolina Herrera,Bad Boy Le Parfum,"374,90",https://cdn.notinoimg.com/list_2k//carolina-herrera/8411061991886_01-o__220628.jpg
DIOR,Dior Homme Intense,"366,90",https://cdn.notinoimg.com/list_2k//dior/3348900838185xx_01__200828.jpg
Burberry,Hero Eau de Parfum,"348,60",https://cdn.notinoimg.com/list_2k//burberry/3614228838016_11-o__220818.jpg
HERMÈS,Terre d’Hermès Eau Givrée,"334,80",https://cdn.notinoimg.com/list_2k//hermes/3346130012245_01__220521.jpg
HERMÈS,Terre d’Hermès Eau Intense Vétiver,"331,70",https://cdn.notinoimg.com/list_2k//hermes/3346131430741_01__220408.jpg
Carolina Herrera,Bad Boy Cobalt,"535,50",https://cdn.notinoimg.com/list_2k//carolina-herrera/8411061027837_01-o__220228.jpg
HERMÈS,H24,"223,90",https://cdn.notinoimg.com/list_2k//hermes/3346130413752_01__220810.jpg
Burberry,Mr. Burberry,"305,50",https://cdn.notinoimg.com/list_2k//burberry/5045497416243_1-o__221004.jpg
NOVELLISTA,Saffron Whisper,"130,00",https://cdn.notinoimg.com/list_2k//novellista/novellista-saffron_whisper__211112.jpg
Mercedes-Benz,Man Intense,"205,90",https://cdn.notinoimg.com/list_2k//mercedes-benz/3595471061171_01-o__200903.jpg
Rasasi,Fattan Pour Homme,"105,80",https://cdn.notinoimg.com/list_2k//rasasi/614514402016_01-o__180314.jpg
DIOR,Dior Homme Cologne,"409,80",https://cdn.notinoimg.com/list_2k//dior/3348901126359_01__220121.jpg
Nishane,Ani,"955,00",https://cdn.notinoimg.com/list_2k//nishane/8681008055067_01-o__220211.jpg
Mexx,Man New Look,"53,70",https://cdn.notinoimg.com/list_2k//mexx/737052681825_01-o__140812.jpg
Salvatore Ferragamo,F by Ferragamo Black,"136,00",https://cdn.notinoimg.com/list_2k//salvatore-ferragamo/8032529118050_01-o__240110.jpg
Prada,L'Homme Intense,"573,00",https://cdn.notinoimg.com/list_2k//prada/8435137764730_01y-o__180213.jpg
Armaf,Odyssey Homme,"90,30",https://cdn.notinoimg.com/list_2k//armaf/6294015109313_01-o__200203.jpg
Jeanne en Provence,Lavande & Vétiver,"46,20",https://cdn.notinoimg.com/list_2k//jeanne-en-provence/jeplavm_aedt10_03__161208.jpg
Mexx,Black Man,"52,30",https://cdn.notinoimg.com/list_2k//mexx/mexblkm_aedt__130904.jpg
Burberry,Hero,"287,00",https://cdn.notinoimg.com/list_2k//burberry/3616304679438_01-o__240222.jpg
Al Haramain,Mystique Homme,"80,50",https://cdn.notinoimg.com/list_2k//al-haramain/ahrmshm_aedp10_03__140610.jpg
Moschino,Toy Boy,"140,00",https://cdn.notinoimg.com/list_2k//moschino/8011003845132_01-o__200115.jpg
Al Haramain,Oyuny,"61,20",https://cdn.notinoimg.com/list_2k//al-haramain/6291100134908_01-o__220413.jpg
Carolina Herrera,212 VIP Men,"299,00",https://cdn.notinoimg.com/list_2k//carolina-herrera/8411061723760_01-o__130904.jpg
Montale,Intense Pepper,"315,00",https://cdn.notinoimg.com/list_2k//montale/mntinpu_aedp10_01-o__150417.jpg
Gucci,Guilty Pour Homme,"282,70",https://cdn.notinoimg.com/list_2k//gucci/3614229382167_01-o__200227.jpg
Armani,Acqua di Giò Profondo Parfum,"456,00",https://cdn.notinoimg.com/list_2k//armani/3614273953696_01-o__240410.jpg
Zimaya,Sharaf The Club,"146,60",https://cdn.notinoimg.com/list_2k//zimaya/6290171074199_01-o__240130.jpg
Police,To Be,"38,60",https://cdn.notinoimg.com/list_2k//police/poltobm_aedt30_03-o__130906.jpg
Azzaro,Sport New,"146,40",https://cdn.notinoimg.com/list_2k//azzaro/3614273667418_01-o__220505.jpg
Baldessarini,Ambré,"122,70",https://cdn.notinoimg.com/list_2k//baldessarini/090174373420_01-o__151104.jpg
Hugo Boss,BOSS Number One,"194,40",https://cdn.notinoimg.com/list_2k//hugo-boss/3616301623335_01-o__210906.jpg
Mexx,Whenever Wherever For Him,"51,20",https://cdn.notinoimg.com/list_2k//mexx/3614228237819_01-o__190403.jpg
KENZO,Homme Marine,"284,40",https://cdn.notinoimg.com/list_2k//kenzo/3274872438088_01-o__230403.jpg
Mercedes-Benz,Man,"146,10",https://cdn.notinoimg.com/list_2k//mercedes-benz/3595471061010x_01-o__161110.jpg
Jaguar,Classic Motion,"72,70",https://cdn.notinoimg.com/list_2k//jaguar/7640111505310_01-o__150127.jpg
Missoni,Wave,"168,00",https://cdn.notinoimg.com/list_2k//missoni/8011003858156_01-o__200924.jpg
NOVELLISTA,Velvet Dusk,"428,00",https://cdn.notinoimg.com/list_2k//novellista/novellista-velvet_dusk_01-o__201006.jpg
NOVELLISTA,Vanilla Club,"428,00",https://cdn.notinoimg.com/list_2k//novellista/novellista-vanilla_club__211112.jpg
Asdaaf,Musk Code,"101,00",https://cdn.notinoimg.com/list_2k//asdaaf/6291107456430_01-o__230411.jpg
Trussardi,Riflesso,"151,30",https://cdn.notinoimg.com/list_2k//trussardi/8011530805500_01-o__180216.jpg
Yves Saint Laurent,Kouros,"374,00",https://cdn.notinoimg.com/list_2k//yves-saint-laurent/3365440003866_01-o__121127.jpg
Armaf,Hunter Men,"109,00",https://cdn.notinoimg.com/list_2k//armaf/6085010094182_01-o__220718.jpg
GUERLAIN,Habit Rouge Parfum,"649,00",https://cdn.notinoimg.com/list_2k//guerlain/3346470305212_01__240412.jpg
Carolina Herrera,212 VIP Black,"413,10",https://cdn.notinoimg.com/list_2k//carolina-herrera/8411061869376_03-o__180108.jpg
Loewe,Paula’s Ibiza,"366,50",https://cdn.notinoimg.com/list_2k//loewe/8426017065856_01-o__220429.jpg
Lattafa,Pride Afaq,"168,10",https://cdn.notinoimg.com/list_2k//lattafa/6291108738108_01-o__220926.jpg
Lattafa,Aura,"144,40",https://cdn.notinoimg.com/list_2k//lattafa/6291108737873_01-o__230130.jpg
Lattafa,24 Carat Pure Gold,"115,70",https://cdn.notinoimg.com/list_2k//lattafa/6291106063998_01-o__220926.jpg
Dunhill,Icon Racing,"158,10",https://cdn.notinoimg.com/list_2k//dunhill/085715806406_03-o__180122.jpg
STR8,Ahead,"32,50",https://cdn.notinoimg.com/list_2k//str8/5201314106555_01-o__190425.jpg
Montale,Chocolate Greedy,"239,00",https://cdn.notinoimg.com/list_2k//montale/mntchgu_aedp10_02-o__150210.jpg
Ralph Lauren,Polo Blue,"247,40",https://cdn.notinoimg.com/list_2k//ralph-lauren/ralpobm_aedp20_04__160815.jpg
Mexx,Man New Look,"61,80",https://cdn.notinoimg.com/list_2k//mexx/3616304211294_01-o__231026.jpg
Montblanc,Emblem,"259,90",https://cdn.notinoimg.com/list_2k//montblanc/3386460058728_01-o__220809.jpg
GIVENCHY,Gentleman Society Extrême,"407,00",https://cdn.notinoimg.com/list_2k//givenchy/3274872467965_01__231115.jpg
Karl Lagerfeld,Hamburg Alster,"87,10",https://cdn.notinoimg.com/list_2k//karl-lagerfeld/3386460124485_01-o__211021.jpg
Afnan,Rare Carbon,"156,00",https://cdn.notinoimg.com/list_2k//afnan/6290171002291_01-o__210929.jpg
Armaf,Club de Nuit Untold,"171,00",https://cdn.notinoimg.com/list_2k//armaf/6294015164176_01-o__230418.jpg
Lattafa,Musk Salama,"77,40",https://cdn.notinoimg.com/list_2k//lattafa/6291107452340_01-o__220926.jpg
Afnan,Abiyad Mukhallat,"63,20",https://cdn.notinoimg.com/list_2k//afnan/6290171000235_01-o__210927.jpg
Baldessarini,Baldessarini Concentree,"184,10",https://cdn.notinoimg.com/list_2k//baldessarini/4011700902019_01-o__151109.jpg
Azzaro,Chrome Legend,"186,20",https://cdn.notinoimg.com/list_2k//azzaro/3351500015245_01-o__200610.jpg
Hugo Boss,HUGO Just Different,"145,90",https://cdn.notinoimg.com/list_2k//hugo-boss/3614229823837_01-o__140602.jpg
Narciso Rodriguez,for him Bleu Noir,"269,10",https://cdn.notinoimg.com/list_2k//narciso-rodriguez/3423222056070_01__220119.jpg
Just Jack,Vetiver,"108,40",https://cdn.notinoimg.com/list_2k//just-jack/6294015119442_01-o__191017.jpg
Rochas,Rochas Man,"142,80",https://cdn.notinoimg.com/list_2k//rochas/3139420008161_01-o__220907.jpg
Adidas,Victory League Edition 2022,"35,70",https://cdn.notinoimg.com/list_2k//adidas/3616303322625_01-o__220818.jpg
Cuba,VIP,"17,50",https://cdn.notinoimg.com/list_2k//cuba/5425039220567_01-o__180808.jpg
David Beckham,Follow Your Instinct,"116,00",https://cdn.notinoimg.com/list_2k//david-beckham/3616304892813_01-o__240202.jpg
Creed,Aventus,"1196,90",https://cdn.notinoimg.com/list_2k//creed/3508441001114_01n-o__180419.jpg
NOVELLISTA,Violet Charade,"388,00",https://cdn.notinoimg.com/list_2k//novellista/8059300534991_01-o__211029.jpg
Dolce&Gabbana,K by Dolce & Gabbana,"362,90",https://cdn.notinoimg.com/list_2k//dolce-gabbana/3423473101253_01__200803.jpg
Calvin Klein,Eternity for Men Aromatic Essence,"260,00",https://cdn.notinoimg.com/list_2k//calvin-klein/3616304929595_01-o__240222.jpg
Al Haramain,Sultan,"65,30",https://cdn.notinoimg.com/list_2k//al-haramain/ahrsulu_apol10_03__140610.jpg
Rasasi,Rumz Al Rasasi Zebra Pour Lui,"164,30",https://cdn.notinoimg.com/list_2k//rasasi/614514229019_01-o__140616.jpg
Cartier,Déclaration,"296,00",https://cdn.notinoimg.com/list_2k//cartier/3432240502131_01-o__121121.jpg
Calvin Klein,Eternity for Men Summer Daze,"180,90",https://cdn.notinoimg.com/list_2k//calvin-klein/3616303030292_01-o__220211.jpg
Coach,Platinum,"144,00",https://cdn.notinoimg.com/list_2k//coach/3386460096867_01-o__181116.jpg
Lattafa,Ana Abiyedh,"88,80",https://cdn.notinoimg.com/list_2k//lattafa/6291106066890_01-o__230616.jpg
Yves Saint Laurent,L'Homme Cologne Bleue,"499,00",https://cdn.notinoimg.com/list_2k//yves-saint-laurent/9005803284146_01_0-o__180525.jpg
Chanel,Égoïste,"635,00",https://cdn.notinoimg.com/list_2k//chanel/3145891144604_01-o__130904.jpg
GUERLAIN,Héritage,"338,00",https://cdn.notinoimg.com/list_2k//guerlain/3346470304918_01__220502.jpg
GUERLAIN,Homme,"443,10",https://cdn.notinoimg.com/list_2k//guerlain/3346470304925_01__220502.jpg
Rue Broca,Luminous Pour Homme,"85,10",https://cdn.notinoimg.com/list_2k//rue_broca/6290171073529_01-o__230911.jpg
GUERLAIN,L'Homme Idéal,"287,90",https://cdn.notinoimg.com/list_2k//guerlain/3346470301863_01__220502.jpg
Just Jack,Tobacco Leaf,"162,20",https://cdn.notinoimg.com/list_2k//just-jack/6294015119398_01-o__191017.jpg
Dunhill,Icon Elite,"211,60",https://cdn.notinoimg.com/list_2k//dunhill/085715806116_01x-o__160811.jpg
DKNY,Men,"208,50",https://cdn.notinoimg.com/list_2k//dkny/763511101238_01-o__121207.jpg
Armani,Eau Pour Homme,"466,20",https://cdn.notinoimg.com/list_2k//armani/3605521544353_01-o__130221.jpg
Zadig & Voltaire,This is Really him!,"239,00",https://cdn.notinoimg.com/list_2k//zadig-voltaire/3423222106188_01__231221.jpg
Montale,Wild Pears,"292,80",https://cdn.notinoimg.com/list_2k//montale/mntwpeu_aedp10_02-o__140718.jpg
Proraso,Wood and Spice,"91,80",https://cdn.notinoimg.com/list_2k//proraso/8004395007707_01-o__181205.jpg
Cristiano Ronaldo,CR7,"79,60",https://cdn.notinoimg.com/list_2k//cristiano-ronaldo/5060524510008_03__171121.jpg
Al Haramain,L'Aventure,"122,20",https://cdn.notinoimg.com/list_2k//al-haramain/6291100137930_01__180510.jpg
Mexx,City Breeze,"62,40",https://cdn.notinoimg.com/list_2k//mexx/8005610291420_01-o__170828.jpg
Nishane,Suede et Safran,"871,30",https://cdn.notinoimg.com/list_2k//nishane/8681008055531_01-o__170213.jpg
Salvatore Ferragamo,Uomo,"193,00",https://cdn.notinoimg.com/list_2k//salvatore-ferragamo/safuomm_aedt10_03-o__161129.jpg
Afnan,Pure Musk,"102,00",https://cdn.notinoimg.com/list_2k//afnan/6290171002130_01-o__210927.jpg
Chanel,Bleu de Chanel,"546,00",https://cdn.notinoimg.com/list_2k//chanel/3145891073706_01-o__211007.jpg
Cuba,Royal,"17,90",https://cdn.notinoimg.com/list_2k//cuba/cubroym_aedt08_01__150216.jpg
Pierre Cardin,Pour Monsieur for Him,"100,60",https://cdn.notinoimg.com/list_2k//pierre-cardin/603531176598_01-o__190716.jpg
Maison Margiela,REPLICA Jazz Club,"140,00",https://cdn.notinoimg.com/list_2k//maison-margiela/3605521932105_01-o__200306.jpg
GIVENCHY,Givenchy Pour Homme Blue Label,"325,00",https://cdn.notinoimg.com/list_2k//givenchy/3274870303364_01__220711.jpg
Lattafa,Emeer,"181,40",https://cdn.notinoimg.com/list_2k//lattafa/6290360591506_01-o__231211.jpg
Sean John,I Am King,"127,10",https://cdn.notinoimg.com/list_2k//sean-john/sjoiakm_aedt__130121.jpg
Police,Extreme,"39,30",https://cdn.notinoimg.com/list_2k//police/679602201018_01-o__220620.jpg
Monotheme,Black Label Black Oud,"47,00",https://cdn.notinoimg.com/list_2k//monotheme/679602451017_01-o__231218.jpg
Montale,Sweet Vanilla,"248,00",https://cdn.notinoimg.com/list_2k//montale/mntsvau_aedp10_01-o__160809.jpg
Jeanne Arthes,J.S. Magnetic Power,"32,60",https://cdn.notinoimg.com/list_2k//jeanne-arthes/3430750039253_01-o__220627.jpg
Bruno Banani,Man's Best,"75,60",https://cdn.notinoimg.com/list_2k//bruno-banani/3616303474065_01-o__231023.jpg
Amouage,Reflection,"1146,00",https://cdn.notinoimg.com/list_2k//amouage/701666112051_01-o__230830.jpg
Cuba,Brasil Copacabana,"32,10",https://cdn.notinoimg.com/list_2k//cuba/cubbcom_aedt10_02__171002.jpg
Diptyque,Philosykos,"778,00",https://cdn.notinoimg.com/list_2k//diptyque/3700431416384_01-o__160518.jpg
Dolce&Gabbana,The One for Men,"372,80",https://cdn.notinoimg.com/list_2k//dolce-gabbana/3423473021209_01-o__130510.jpg
Guy Laroche,Drakkar Intense,"156,50",https://cdn.notinoimg.com/list_2k//guy-laroche/3614273474641_01-o__230109.jpg
Memo,African Leather,"974,50",https://cdn.notinoimg.com/list_2k//memo/3700458610161_01-o__230411.jpg
KENZO,Jungle Homme,"391,00",https://cdn.notinoimg.com/list_2k//kenzo/3274872289772xx_01-o__200831.jpg
Swiss Arabian,Mr Edge,"141,60",https://cdn.notinoimg.com/list_2k//swiss-arabian/6295124031243_01-o__190730.jpg
Police,To Be Camouflage,"65,10",https://cdn.notinoimg.com/list_2k//police/679602771214_01-o__221212.jpg
Yves Saint Laurent,Jazz,"396,00",https://cdn.notinoimg.com/list_2k//yves-saint-laurent/3365440037229_01-o__220822.jpg
Adidas,Team Force Edition 2022,"36,80",https://cdn.notinoimg.com/list_2k//adidas/3616303322137_01-o__220818.jpg
Rasasi,Afshan,"71,50",https://cdn.notinoimg.com/list_2k//rasasi/614514071052_01-o__121022.jpg
Armani,Emporio Diamonds for Men,"250,80",https://cdn.notinoimg.com/list_2k//armani/3605520381096_01-o__130108.jpg
The Library of Fragrance,Honey,"76,30",https://cdn.notinoimg.com/list_2k//the-library-of-fragrance/648389066370_01-o__200331.jpg
Tabac,Original,"148,80",https://cdn.notinoimg.com/list_2k//tabac/4011700422098_01-o__130904.jpg
Ralph Lauren,Polo Black,"216,20",https://cdn.notinoimg.com/list_2k//ralph-lauren/3360377032767_01-o__130801.jpg
Liz Claiborne,Curve for Men,"158,10",https://cdn.notinoimg.com/list_2k//liz-claiborne/lizcfmm_aedc20_01__140604.jpg
Issey Miyake,L'Eau d'Issey Pour Homme Eau&Cèdre,"224,30",https://cdn.notinoimg.com/list_2k//issey-miyake/3423222048037_01__220425.jpg
Issey Miyake,L'Eau d'Issey Pour Homme Set Exclusive,"503,00",https://cdn.notinoimg.com/list_2k//issey-miyake/3423222092856_01__230918.jpg
Baldessarini,Cool Force,"207,60",https://cdn.notinoimg.com/list_2k//baldessarini/4011700919024_01-o__221103.jpg
Police,To Be Goodvibes,"40,70",https://cdn.notinoimg.com/list_2k//police/679602852425_01-o__211011.jpg
Jeanne Arthes,Rocky Man White,"20,60",https://cdn.notinoimg.com/list_2k//jeanne-arthes/jarrmwm_aedt10_03__150827.jpg
STR8,Live True,"33,60",https://cdn.notinoimg.com/list_2k//str8/5201314105985_01-o__190425.jpg
Benetton,Colors de Benetton Man Black,"83,40",https://cdn.notinoimg.com/list_2k//benetton/8433982013201_01-o__190828.jpg
Viktor & Rolf,Spicebomb Night Vision,"392,10",https://cdn.notinoimg.com/list_2k//viktor-rolf/3614273067768_01-o__200819.jpg
Cristiano Ronaldo,CR7,"38,20",https://cdn.notinoimg.com/list_2k//cristiano-ronaldo/5060524510039_01-o__190327.jpg
Jacques Bogart,Silver Scent,"143,90",https://cdn.notinoimg.com/list_2k//jacques-bogart/3355991002319_01__140725.jpg
Instituto Español,Poseidon Sport,"57,60",https://cdn.notinoimg.com/list_2k//instituto_espanol/8411047151228_01-o__240118.jpg
Azzaro,Pour Homme,"188,20",https://cdn.notinoimg.com/list_2k//azzaro/3351500011476_01-o__230424.jpg
BULGARI,Bvlgari Man Wood Essence,"475,00",https://cdn.notinoimg.com/list_2k//bvlgari/783320461002_01__210921.jpg
Cartier,Déclaration Parfum,"329,00",https://cdn.notinoimg.com/list_2k//cartier/3432240501875_01-o__180531.jpg
Lorenzo Villoresi,Patchouli,"253,10",https://cdn.notinoimg.com/list_2k//lorenzo-villoresi/8028544101450_01-o__160323.jpg
Valentino,Uomo Intense,"408,60",https://cdn.notinoimg.com/list_2k//valentino/8411061842430_01-o__170202.jpg
Lattafa,Musk Mood,"93,70",https://cdn.notinoimg.com/list_2k//lattafa/6291107452357_01-o__230619.jpg
Afnan,Dehn Al Oudh Abiyad,"63,70",https://cdn.notinoimg.com/list_2k//afnan/6290171000341_01-o__210927.jpg
Cuba,Shadow,"26,90",https://cdn.notinoimg.com/list_2k//cuba/5425039220604_01-o__180808.jpg
Hollister,Canyon Escape for Him,"76,80",https://cdn.notinoimg.com/list_2k//hollister/85715267030_01-o__220607.jpg
Hollister,Wave 2,"64,00",https://cdn.notinoimg.com/list_2k//hollister/085715260116_01x-o__170727.jpg
Mandarina Duck,Let's Travel To Miami,"60,10",https://cdn.notinoimg.com/list_2k//mandarina-duck/8058045421436_01-o__221031.jpg
Rasasi,Faqat Lil Rijal,"126,40",https://cdn.notinoimg.com/list_2k//rasasi/614514132012_01-o__121019.jpg
Cartier,Pasha de Cartier,"368,60",https://cdn.notinoimg.com/list_2k//cartier/3432240504197_01-o__210111.jpg
Afnan,Turathi Homme,"178,00",https://cdn.notinoimg.com/list_2k//afnan/6290171070603_01-o__211006.jpg
Alfred Sung,Hei,"85,90",https://cdn.notinoimg.com/list_2k//alfred-sung/067724200017_03__130904.jpg
Alfred Sung,Sung for Men,"86,30",https://cdn.notinoimg.com/list_2k//alfred-sung/alssunm_aedt10_01__130904.jpg
Cacharel,pour L'Homme,"292,00",https://cdn.notinoimg.com/list_2k//cacharel/1595159004973_01-o__121210.jpg
DIOR,Eau Sauvage Extrême,"492,40",https://cdn.notinoimg.com/list_2k//dior/3348900628144_01__211108.jpg
GUERLAIN,L'Homme Idéal Parfum,"649,00",https://cdn.notinoimg.com/list_2k//guerlain/3346470305229_01__240412.jpg
Lattafa,Rouat Al Musk,"96,10",https://cdn.notinoimg.com/list_2k//lattafa/6291106064834_01-o__220926.jpg
Dunhill,Icon Racing Red,"170,20",https://cdn.notinoimg.com/list_2k//dunhill/85715806345_01-o__211008.jpg
Just Jack,Homme Noir,"92,30",https://cdn.notinoimg.com/list_2k//just-jack/6294015119428_01-o__191017.jpg
Jovan,Musk,"49,40",https://cdn.notinoimg.com/list_2k//jovan/jvnmskm_aedc10-03__130429.jpg
Lacoste,Match Point,"154,50",https://cdn.notinoimg.com/list_2k//lacoste/3614229371512_01-o__200729.jpg
Monotheme,Classic Collection Patchouly Leaves,"43,20",https://cdn.notinoimg.com/list_2k//monotheme/679602911092_01-o__231218.jpg
Khadlaj,Musk Al Sabah,"151,00",https://cdn.notinoimg.com/list_2k//khadlaj/6291107977027_01-o__240403.jpg
Jeanne Arthes,J.S. Magnetic Power Night,"32,50",https://cdn.notinoimg.com/list_2k//jeanne-arthes/3430750160827_01-o__201203.jpg
Jeanne Arthes,Sultane Oud,"39,30",https://cdn.notinoimg.com/list_2k//jeanne-arthes/3430750595445_01-o__230519.jpg
Tom Tailor,Adventurous,"70,10",https://cdn.notinoimg.com/list_2k//tom-tailor/4051395182167_01-o__221031.jpg
Rue Broca,Penthouse Larvotto,"89,00",https://cdn.notinoimg.com/list_2k//afnan/6290171010470_01-o__211004.jpg
Lomani,AB Spirit Millionaire,"78,40",https://cdn.notinoimg.com/list_2k//lomani/lomasmm_aedt10_03__151201.jpg
Nautica,Voyage Heritage,"121,20",https://cdn.notinoimg.com/list_2k//nautica/3614224686833_01-o__221004.jpg
Al Haramain,Excellent,"62,80",https://cdn.notinoimg.com/list_2k//al-haramain/ahrexcm_aedt10_03__140616.jpg
Loewe,Paula’s Ibiza Eclectic,"340,70",https://cdn.notinoimg.com/list_2k//loewe/8426017071864_01-o__220429.jpg
Armaf,El Cielo,"123,50",https://cdn.notinoimg.com/list_2k//armaf/arfelcu_aedt10_03__171011.jpg
Cuba,Blue,"38,20",https://cdn.notinoimg.com/list_2k//cuba/cubblum_aedt__130904.jpg
David Beckham,Instinct,"207,00",https://cdn.notinoimg.com/list_2k//david-beckham/3616303473969_01-o__231116.jpg
Cerruti,1881 Pour Homme,"72,80",https://cdn.notinoimg.com/list_2k//cerruti/crt18hm_aedt10_02-o__130515.jpg
Armani,Acqua di Giò,"447,40",https://cdn.notinoimg.com/list_2k//armani/3614274221992_01__240507.jpg
GIVENCHY,Gentlemen Only,"499,00",https://cdn.notinoimg.com/list_2k//givenchy/3274870012136xx_01-o__200831.jpg
Abercrombie & Fitch,Authentic Moment Men,"121,10",https://cdn.notinoimg.com/list_2k//abercrombie-fitch-copy/85715169525_01-o__230509.jpg
Abercrombie & Fitch,Away Weekend Men,"115,50",https://cdn.notinoimg.com/list_2k//abercrombie-fitch-copy/85715169402_01-o__231116.jpg
Abercrombie & Fitch,First Instinct Together,"182,70",https://cdn.notinoimg.com/list_2k//abercrombie-fitch/085715166203_01-o__210324.jpg
GIVENCHY,Insensé Ultramarine,"429,00",https://cdn.notinoimg.com/list_2k//givenchy/3274870153068_01__230216.jpg
Angel Schlesser,Essential for Men,"170,80",https://cdn.notinoimg.com/list_2k//angel-schlesser/ansefmm_aedt10_03__160707.jpg
Oriflame,Men's Collection Citrus Tonic,"50,70",https://cdn.notinoimg.com/list_2k//oriflame/2800010908260_01-o__230109.jpg
Jeanne en Provence,Lin Blanc,"56,80",https://cdn.notinoimg.com/list_2k//jeanne-en-provence/3430750586146_01-o__230523.jpg
Rasasi,Oudh Al Abiyad,"80,70",https://cdn.notinoimg.com/list_2k//rasasi/614514109014_01-o__121022.jpg
Mercedes-Benz,The Move,"69,90",https://cdn.notinoimg.com/list_2k//mercedes-benz/3595471091024_01-o__200521.jpg
Paul Smith,Extreme Man,"147,90",https://cdn.notinoimg.com/list_2k//paul-smith/pasextm_aedt__130904.jpg
Paul Smith,Men,"239,80",https://cdn.notinoimg.com/list_2k//paul-smith/3386469215535_01-o__220907.jpg
Police,Cosmopolitan,"55,90",https://cdn.notinoimg.com/list_2k//police/679602271103_01-o__221212.jpg
Ralph Lauren,Ralph’s Club,"283,80",https://cdn.notinoimg.com/list_2k//ralph-lauren/3605971512575_01-o__220118.jpg
Reebok,Inspire Your Mind,"17,20",https://cdn.notinoimg.com/list_2k//reebok/8436581946161_01-o__220801.jpg
Aurora,Iconic Inverse,"161,00",https://cdn.notinoimg.com/list_2k//aurora/6290360540986_01-o__231212.jpg
Etat Libre d’Orange,Archives 69,"267,30",https://cdn.notinoimg.com/list_2k//etat-libre-dorange/3760168591068_01-o__150115.jpg
Montale,Arabians,"355,00",https://cdn.notinoimg.com/list_2k//montale/3760260455770_01-o__180605.jpg
Lattafa,Ser Al Khulood Gold,"101,30",https://cdn.notinoimg.com/list_2k//lattafa/6291106066319_01-o__221020.jpg
Montale,Aoud Leather,"262,50",https://cdn.notinoimg.com/list_2k//montale/mntaleu_aedp10_01-o__141208.jpg
Jovan,Sex Appeal,"43,70",https://cdn.notinoimg.com/list_2k//jovan/jvnsplm_aedc10-03__130429.jpg
Miraculum,Imperious,"55,00",https://cdn.notinoimg.com/list_2k//miraculum/5900793047501_01-o__231211.jpg
Miraculum,Passionate,"55,00",https://cdn.notinoimg.com/list_2k//miraculum/5900793047549_01-o__231211.jpg
Jeanne Arthes,Sexy Boy Sport,"26,70",https://cdn.notinoimg.com/list_2k//jeanne-arthes/3430750034814_01-o__220105.jpg
TOM FORD,Beau de Jour,"945,00",https://cdn.notinoimg.com/list_2k//tom-ford/888066103909_01-o__211019.jpg
TOM FORD,Noir Extreme EdP Set,"930,00",https://cdn.notinoimg.com/list_2k//tom-ford/888066150668_01__231003.jpg
Oriflame,Eclat Nuit,"82,00",https://cdn.notinoimg.com/list_2k//oriflame/2800011242264_01-o__220314.jpg
Prada,Les Infusions: Infusion Amande,"514,90",https://cdn.notinoimg.com/list_2k//prada/8435137742233_01x-o__171017.jpg
Tom Tailor,Be Mindfull Man,"76,80",https://cdn.notinoimg.com/list_2k//tom-tailor/4051395142154_01-o__221024.jpg
Rasasi,Rumz Al Rasasi Leo Pour Lui,"159,60",https://cdn.notinoimg.com/list_2k//rasasi/614514229057_01-o__160321.jpg
Rue Broca,Pride My Oud,"89,00",https://cdn.notinoimg.com/list_2k//afnan/6290171070474_01-o__211006.jpg
Swiss Arabian,Imperial,"93,10",https://cdn.notinoimg.com/list_2k//swiss-arabian/6295124033957_01-o__230918.jpg
Swiss Arabian,Shaghaf Men,"93,10",https://cdn.notinoimg.com/list_2k//swiss-arabian/sabsgfm_aedp15_03__170907.jpg
Rasasi,Yazan,"118,60",https://cdn.notinoimg.com/list_2k//rasasi/614514243077_01-o__160321.jpg
Denim,Gold,"49,50",https://cdn.notinoimg.com/list_2k//denim/dengldm_aedt10_03__150917.jpg
Diesel,Only The Brave Tattoo,"104,70",https://cdn.notinoimg.com/list_2k//diesel/3605521534200_01n-o__130904.jpg
GUERLAIN,Habit Rouge L'Instinct Intense,"252,70",https://cdn.notinoimg.com/list_2k//guerlain/3346470304987_01__220502.jpg
Carolina Herrera,212 Heroes,"447,00",https://cdn.notinoimg.com/list_2k//carolina-herrera/8411061972656_01-o__210209.jpg
Lomani,Pour Homme,"53,60",https://cdn.notinoimg.com/list_2k//lomani/lomphom_aedt10_03__140707.jpg
Armaf,Club de Nuit Urban Man,"146,50",https://cdn.notinoimg.com/list_2k//armaf/6294015102642_01-o__191119.jpg
BERANI,Maggiore,"96,60",https://cdn.notinoimg.com/list_2k//berani/5903714206209_01-o__230309.jpg
BERANI,Wax Perfume,"330,20",https://cdn.notinoimg.com/list_2k//berani/5903714206070_01-o__210614.jpg
Cuba,Red,"37,30",https://cdn.notinoimg.com/list_2k//cuba/cubredm_aedt__130904.jpg
Creed,Green Irish Tweed,"1696,20",https://cdn.notinoimg.com/list_2k//creed/3508441001022_01-o__180424.jpg
Abercrombie & Fitch,Authentic Self for Men,"121,10",https://cdn.notinoimg.com/list_2k//abercrombie-fitch-copy/85715168108_01-o__240108.jpg
Roja Parfums,Elysium,"1331,20",https://cdn.notinoimg.com/list_2k//roja-parfums/5060399671316_01-o__230615.jpg
Vertus,Royal Orris,"1523,00",https://cdn.notinoimg.com/list_2k//vertus/3612345680662_01-o__230317.jpg
Swiss Arabian,Rakaan,"186,20",https://cdn.notinoimg.com/list_2k//swiss-arabian/sabrakm_aedp20_03__161003.jpg
Rasasi,Kun Mukthalifan Men,"87,70",https://cdn.notinoimg.com/list_2k//rasasi/614514152010_01-o__121018.jpg
Rasasi,Soryani,"79,40",https://cdn.notinoimg.com/list_2k//rasasi/2800018752902_01-o__230622.jpg
Sapil,Solid Oud,"63,50",https://cdn.notinoimg.com/list_2k//sapil/6295124027932_01-o__201209.jpg
Christian Audigier,Ed Hardy Hearts & Daggers for Him,"111,80",https://cdn.notinoimg.com/list_2k//christian-audigier/edhhadm_aedt__130122.jpg
GUERLAIN,Les Colognes Eau de Cologne du Coq,"346,20",https://cdn.notinoimg.com/list_2k//guerlain/3346470217461_01__220725.jpg
La Fede,Code Marron Oud,"103,80",https://cdn.notinoimg.com/list_2k//la_fede/6291107972022_01-o__230828.jpg
Emanuel Ungaro,Ungaro Man,"142,50",https://cdn.notinoimg.com/list_2k//emanuel-ungaro/8032529116827_01-o__130904.jpg
Franck Olivier,Pure Homme,"108,70",https://cdn.notinoimg.com/list_2k//franck-olivier/3516642062117_01-o__230130.jpg
Niche Emarati,Khalid,"203,00",https://cdn.notinoimg.com/list_2k//niche_emarati/6290360592107_01-o__231213.jpg
The Body Shop,Strawberry,"74,40",https://cdn.notinoimg.com/list_2k//the_body_shop/5028197941253_01-o__210607.jpg
Benetton,Colors de Benetton Man Green,"93,50",https://cdn.notinoimg.com/list_2k//benetton/8433982011245_01-o__190828.jpg
Amouage,Honour,"1075,90",https://cdn.notinoimg.com/list_2k//amouage/701666314929_01-o__140922.jpg
Amouage,Jubilation XXV,"1537,00",https://cdn.notinoimg.com/list_2k//amouage/701666111979_01-o__210621.jpg
Abercrombie & Fitch,Away Tonight Men,"115,50",https://cdn.notinoimg.com/list_2k//abercrombie-fitch-copy/85715169303_01-o__231010.jpg
Abercrombie & Fitch,First Instinct Blue,"133,00",https://cdn.notinoimg.com/list_2k//abercrombie-fitch/085715167019_01-o__180614.jpg
Aramis,Tuscany Per Uomo,"315,60",https://cdn.notinoimg.com/list_2k//aramis/022548199480_01-o__130410.jpg
Cuba,City Las Vegas,"35,70",https://cdn.notinoimg.com/list_2k//cuba/cubclvm_aedt10_03__171002.jpg
Cuba,Wild Heart,"25,90",https://cdn.notinoimg.com/list_2k//cuba/cubwhtm_aedt10_01__140516.jpg
David Beckham,True Instinct,"114,90",https://cdn.notinoimg.com/list_2k//david-beckham/3616304900853_01-o__240202.jpg
Creed,Silver Mountain Water,"810,00",https://cdn.notinoimg.com/list_2k//creed/3508440505057_01-o__190618.jpg
Cremo,Spray Cologne Palo Santo,"171,00",https://cdn.notinoimg.com/list_2k//cremo/811847034161_01-o__230726.jpg
Al Haramain,L'Aventure Knight,"154,00",https://cdn.notinoimg.com/list_2k//al-haramain/6291100134267_01-o__230120.jpg
DIOR,Sauvage,"1076,00",https://cdn.notinoimg.com/list_2k//dior/3348901470353_01__210315.jpg
Montale,Boise Fruite,"363,80",https://cdn.notinoimg.com/list_2k//montale/2800010815100_01-o__230313.jpg
Montale,Golden Sand,"353,80",https://cdn.notinoimg.com/list_2k//montale/mntgsau_aedp10_01-o__151015.jpg
Lattafa,Oud Mood Reminiscence,"105,10",https://cdn.notinoimg.com/list_2k//lattafa/6291106068184_01-o__230802.jpg
Montale,Fruits Of The Musk,"353,70",https://cdn.notinoimg.com/list_2k//montale/mntfomu_aedp10_02-o__140720.jpg
Floris,Elite,"288,20",https://cdn.notinoimg.com/list_2k//floris/flselim_aedt10_04__161006.jpg
The Library of Fragrance,Sandalwood,"79,80",https://cdn.notinoimg.com/list_2k//the-library-of-fragrance/648389113371_01-o__200429.jpg
Tous,Les Colognes Concentrées,"87,30",https://cdn.notinoimg.com/list_2k//tous/8436550502626_01-o__211102.jpg
Floris,No 89,"417,50",https://cdn.notinoimg.com/list_2k//floris/flsf89m_aedt10_04__161006.jpg
Floris,Santal,"280,00",https://cdn.notinoimg.com/list_2k//floris/886266321147_01-o__161006.jpg
Montale,Pretty Fruity,"275,50",https://cdn.notinoimg.com/list_2k//montale/mntprfu_aedp10_02-o__140718.jpg
Ajmal,Aristocrat for Him,"207,90",https://cdn.notinoimg.com/list_2k//ajmal/6293708010233_01-o__191114.jpg
AZHA Perfumes,Lubab,"52,90",https://cdn.notinoimg.com/list_2k//azha_perfumes/6629021040037_01-o__230522.jpg
Cuba,Green,"16,90",https://cdn.notinoimg.com/list_2k//cuba/cubgrem_aedt20_01__140417.jpg
Ajmal,Shadow For Him,"109,90",https://cdn.notinoimg.com/list_2k//ajmal/ajmshim_aedp10_02__160721.jpg
Maison Margiela,REPLICA Springtime in a Park,"586,00",https://cdn.notinoimg.com/list_2k//maison-margiela/3614272661264_01-o__200525.jpg
Armaf,Fraiche Intense,"119,50",https://cdn.notinoimg.com/list_2k//armaf/6294015165050_01-o__230403.jpg
Armaf,Shades,"108,90",https://cdn.notinoimg.com/list_2k//armaf/arfsham_aedt10_03__171011.jpg
Asdaaf,Kasoof Gold,"88,20",https://cdn.notinoimg.com/list_2k//asdaaf/6290360592862_01-o__230621.jpg
Avon,Black Suede Secret,"54,60",https://cdn.notinoimg.com/list_2k//avon/2800017024949_01__230119.jpg
Avon,Full Speed Surfer,"43,00",https://cdn.notinoimg.com/list_2k//avon/2800019318824_01-o__220922.jpg
Avon,Scent For Men Masculine Woody,"28,70",https://cdn.notinoimg.com/list_2k//avon/5059018009234_01-o__190801.jpg
Afnan,Oud Rising,"167,20",https://cdn.notinoimg.com/list_2k//afnan/6290171073857_01-o__231016.jpg
Khadlaj,Shamookh Gold,"99,20",https://cdn.notinoimg.com/list_2k//khadlaj/6291107973869_01-o__240403.jpg
Khadlaj,25 Trust,"324,00",https://cdn.notinoimg.com/list_2k//khadlaj/6291107975399_01-o__240408.jpg
Issey Miyake,Fusion d'Issey Extrême,"291,40",https://cdn.notinoimg.com/list_2k//issey-miyake/3423222010119_01__210628.jpg
Montale,Chypré Fruité,"253,00",https://cdn.notinoimg.com/list_2k//montale/mntcrfu_aedp10_02-o__140718.jpg
Montale,Orange Aoud,"369,50",https://cdn.notinoimg.com/list_2k//montale/mntoaou_aedp10_01-o__150210.jpg
Montale,Wood & Spices,"280,20",https://cdn.notinoimg.com/list_2k//montale/mntwosm_aedp10_01-o__141020.jpg
Matiere Premiere,Cologne Cédrat,"529,40",https://cdn.notinoimg.com/list_2k//matiere_premiere/3770007317162_01-o__230511.jpg
Jeanne Arthes,Sultan Men Oud,"39,00",https://cdn.notinoimg.com/list_2k//jeanne-arthes/3430750595407_01-o__230509.jpg
Prada,Les Infusions: Infusion d'Ylang,"482,30",https://cdn.notinoimg.com/list_2k//prada/3614273674461_01-o__221104.jpg
Ralph Lauren,Polo Green Cologne Intense,"486,00",https://cdn.notinoimg.com/list_2k//ralph-lauren/3605972793713_01-o__240214.jpg
Ralph Lauren,Polo Blue,"194,30",https://cdn.notinoimg.com/list_2k//ralph-lauren/3360377022928_01-o__130103.jpg
Roja Parfums,Amber Aoud,"2227,40",https://cdn.notinoimg.com/list_2k//roja-parfums/5060270291015_01-o__230317.jpg
Roja Parfums,Elysium Eau Intense,"1366,20",https://cdn.notinoimg.com/list_2k//roja-parfums/5056663800001_01-o__240422.jpg
Roja Parfums,Ti Amo,"1207,00",https://cdn.notinoimg.com/list_2k//roja-parfums/5060399676229_01-o__230316.jpg
Roja Parfums,Vetiver,"1464,00",https://cdn.notinoimg.com/list_2k//roja-parfums/5060399676540_01-o__230314.jpg
Cristiano Ronaldo,CR7 Fearless,"80,60",https://cdn.notinoimg.com/list_2k//cristiano-ronaldo/5060524511340_01-o__240313.jpg
Swiss Arabian,Casablanca,"243,20",https://cdn.notinoimg.com/list_2k//swiss-arabian/sabcasu_aedp10_03__170221.jpg
Swiss Arabian,Shumoukh Al Ghutra,"371,50",https://cdn.notinoimg.com/list_2k//swiss-arabian/6295124027727_01__180503.jpg
Swiss Arabian,Shawq,"93,10",https://cdn.notinoimg.com/list_2k//swiss-arabian/6295124033964_01-o__180503.jpg
Rasasi,Al Wisam Day,"260,40",https://cdn.notinoimg.com/list_2k//rasasi/614514170021_01-o__121019.jpg
Rasasi,Attar Al Mohobba Man,"127,90",https://cdn.notinoimg.com/list_2k//rasasi/614514192016_01-o__140716.jpg
Rasasi,Nebras Al Ishq Noor,"239,80",https://cdn.notinoimg.com/list_2k//rasasi/614514644034_01-o__200309.jpg
Sapil,Dapper,"61,20",https://cdn.notinoimg.com/list_2k//sapil/6295124041099_01-o__230920.jpg
Sapil,Disclosure White,"58,20",https://cdn.notinoimg.com/list_2k//sapil/sapdiwm_aedt10_02__161107.jpg
Sapil,Legend,"63,00",https://cdn.notinoimg.com/list_2k//sapil/6295124041129_01-o__230920.jpg
Sapil,Qamar,"50,90",https://cdn.notinoimg.com/list_2k//sapil/6295124039553_01-o__230321.jpg
GIVENCHY,Monsieur de Givenchy,"387,40",https://cdn.notinoimg.com/list_2k//givenchy/3274872428782_01__220502.jpg
Hollister,Canyon Canyon Rush for Him,"76,80",https://cdn.notinoimg.com/list_2k//hollister/85715267542_01-o__230601.jpg
Escentric Molecules,Molecule 03,"359,00",https://cdn.notinoimg.com/list_2k//escentric-molecules/5060103310111_01n__150522.jpg
Denim,Black,"44,10",https://cdn.notinoimg.com/list_2k//denim/denblkm_aedt10_03__170627.jpg
Dermacol,Cannabis Garden,"113,40",https://cdn.notinoimg.com/list_2k//dermacol/8595003123440_01-o__210913.jpg
Estée Lauder,Pleasures for Men,"307,30",https://cdn.notinoimg.com/list_2k//estee-lauder/027131521433_01-o__131001.jpg
Chopard,Gardens of the Paradise Orange Mauresque,"1253,00",https://cdn.notinoimg.com/list_2k//chopard/7640177367457_01-o__200331.jpg
Lorenzo Villoresi,Teint de Neige,"328,50",https://cdn.notinoimg.com/list_2k//lorenzo-villoresi/8028544100996_01-o__160331.jpg
Masaki Matsushima,"Mat, Stone","157,60",https://cdn.notinoimg.com/list_2k//masaki-matsushima/3419020238800_01-o__171003.jpg
Nautica,Classic,"87,70",https://cdn.notinoimg.com/list_2k//nautica/nauclam_aedt__130904.jpg
Niche Emarati,Remas,"211,60",https://cdn.notinoimg.com/list_2k//niche_emarati/6290360593081_01-o__231109.jpg
Niche Emarati,Toleen,"227,50",https://cdn.notinoimg.com/list_2k//niche_emarati/6290360592084_01-o__231124.jpg
John Varvatos,Artisan Blu,"200,60",https://cdn.notinoimg.com/list_2k//john-varvatos/719346629393_01-o__220719.jpg
Jacomo,Jacomo For Men,"109,20",https://cdn.notinoimg.com/list_2k//jacomo/3392865201171_01-o__240523.jpg
Chanel,Allure Homme Sport Eau Extreme,"491,30",https://cdn.notinoimg.com/list_2k//chanel/chaasem_aedt20-01__130917.jpg
Bond No. 9,Eau de New York,"854,60",https://cdn.notinoimg.com/list_2k//bond-no-9/bonenyu_aedp10-03__131002.jpg
Bond No. 9,Midtown New York Nights,"1108,60",https://cdn.notinoimg.com/list_2k//bond-no-9/888874005853_01-o__180914.jpg
Bond No. 9,Downtown Wall Street,"942,60",https://cdn.notinoimg.com/list_2k//bond-no-9/888874001152_01-o__130923.jpg
Acqua dell' Elba,Classica Men,"403,10",https://cdn.notinoimg.com/list_2k//acqua-dell-elba/8032758530524_01-o__151203.jpg
Angry Beards,More Jack Saloon,"309,90",https://cdn.notinoimg.com/list_2k//angry_beards/8594205592030_01-o__240530.jpg
Aurora,Porturo,"182,00",https://cdn.notinoimg.com/list_2k//aurora/6290360541204_01-o__231212.jpg
Armaf,Space Age,"286,50",https://cdn.notinoimg.com/list_2k//armaf/6294015166163_01-o__231205.jpg
Loewe,001 Man,"435,80",https://cdn.notinoimg.com/list_2k//loewe/8426017063104xx_01-o__170207.jpg
Loewe,Solo Vulcan,"519,00",https://cdn.notinoimg.com/list_2k//loewe/8426017080620_01-o__240112.jpg
LR,Bruce Willis Personal Edition,"279,50",https://cdn.notinoimg.com/list_2k//lr/2800019046512_01-o__240325.jpg
Lattafa,Pride Art of Arabia II,"244,60",https://cdn.notinoimg.com/list_2k//lattafa/6290360591964_01-o__240318.jpg
Lattafa,Pride Breeze,"126,50",https://cdn.notinoimg.com/list_2k//lattafa/6290360592787_01-o__240111.jpg
Lattafa,Pride Gharam,"244,50",https://cdn.notinoimg.com/list_2k//lattafa/6290360592954_01-o__240318.jpg
Lattafa,Iconic Oudh,"123,30",https://cdn.notinoimg.com/list_2k//lattafa/691106069044_01-o__220923.jpg
Lattafa,Maharjan Gold,"156,20",https://cdn.notinoimg.com/list_2k//lattafa/6291108738290_01-o__221010.jpg
Lattafa,Malik Al Tayoor Concentrated,"83,20",https://cdn.notinoimg.com/list_2k//lattafa/6291108731857_01-o__230125.jpg
Lattafa,Ra'ed Silver,"110,00",https://cdn.notinoimg.com/list_2k//lattafa/6291107456072_01-o__220926.jpg
Lattafa,Safwaan L'autre Musk,"114,10",https://cdn.notinoimg.com/list_2k//lattafa/6290360590141_01-o__230214.jpg
Lattafa,Taweel,"132,20",https://cdn.notinoimg.com/list_2k//lattafa/6290360590158_01-o__230206.jpg
Lattafa,Pride Winners Trophy Gold,"166,60",https://cdn.notinoimg.com/list_2k//lattafa/6291108738078_01-o__220923.jpg
Lorenzo Villoresi,Uomo,"218,70",https://cdn.notinoimg.com/list_2k//lorenzo-villoresi/8028544100934_01-o__160331.jpg
Luxury Concept,Tippu Sultan Intense,"200,00",https://cdn.notinoimg.com/list_2k//luxury_concept/6297000426785_01-o__230830.jpg
Mancera,Amber & Roses,"365,60",https://cdn.notinoimg.com/list_2k//mancera/3760265190003_01-o__150420.jpg
Mancera,Aoud Black Candy,"388,90",https://cdn.notinoimg.com/list_2k//mancera/2800011356534_01-o__230315.jpg
Mancera,Aoud Orchid,"271,90",https://cdn.notinoimg.com/list_2k//mancera/3760265191536_01-o__180109.jpg
Mancera,Black Line,"384,50",https://cdn.notinoimg.com/list_2k//mancera/2800011278638_01n-o__150323.jpg
Mancera,Gold Aoud,"322,70",https://cdn.notinoimg.com/list_2k//mancera/3760265191826_01n-o__180821.jpg
Mancera,Jasmin Exclusif,"392,50",https://cdn.notinoimg.com/list_2k//mancera/3760265194179_01-o__230403.jpg
Nautica,Blue Ambition,"82,50",https://cdn.notinoimg.com/list_2k//nautica/3614227853492_01-o__221004.jpg
Niche Emarati,Hayaam,"285,70",https://cdn.notinoimg.com/list_2k//niche_emarati/6290360592930_01-o__240213.jpg
Diesel,D RED,"146,00",https://cdn.notinoimg.com/list_2k//diesel/3614273924450_01-o__240123.jpg
M. Micallef,Aoud,"915,50",https://cdn.notinoimg.com/list_2k//m-micallef/3760060773050_01-o__150420.jpg
Kenneth Cole,Copper Black,"152,80",https://cdn.notinoimg.com/list_2k//kenneth-cole/608940580929_01-o__221011.jpg
Kenneth Cole,Mankind,"113,30",https://cdn.notinoimg.com/list_2k//kenneth-cole/kecmknm_aedt10_03__150129.jpg
Khadlaj,Ana Wa Anta,"68,60",https://cdn.notinoimg.com/list_2k//khadlaj/6291107973258_01-o__230810.jpg
Khadlaj,Empire Crown,"324,00",https://cdn.notinoimg.com/list_2k//khadlaj/6291107975887_01-o__240506.jpg
Khadlaj,Ghadeer Gold,"151,00",https://cdn.notinoimg.com/list_2k//khadlaj/6291107977003_01-o__240403.jpg
Khadlaj,Ghadeer Silver,"151,00",https://cdn.notinoimg.com/list_2k//khadlaj/6291107977010_01-o__240403.jpg
Khadlaj,Kayaan Gold,"138,70",https://cdn.notinoimg.com/list_2k//khadlaj/6291107977102_01-o__240403.jpg
Khadlaj,Le Prestige Empress,"324,00",https://cdn.notinoimg.com/list_2k//khadlaj/6291107975948_01-o__240409.jpg
Khadlaj,Le Prestige Bold,"324,00",https://cdn.notinoimg.com/list_2k//khadlaj/6291107975924_01-o__240409.jpg
Khadlaj,Safari Gold,"74,20",https://cdn.notinoimg.com/list_2k//khadlaj/6291107971278_01-o__230810.jpg
Khadlaj,Stellar Oud,"148,00",https://cdn.notinoimg.com/list_2k//khadlaj/6291107975627_01-o__230810.jpg
Jacques Bogart,Bogart Story Red,"119,00",https://cdn.notinoimg.com/list_2k//jacques-bogart/jabsrem_aedt10_03__160719.jpg
Jacques Bogart,Silver Scent Intense,"171,00",https://cdn.notinoimg.com/list_2k//jacques-bogart/jabssim_aedt10_03__150915.jpg
Jeanne Arthes,Boum Urban,"59,00",https://cdn.notinoimg.com/list_2k//jeanne-arthes/3430750688475_01-o__240528.jpg
Jeanne Arthes,J.S. Magnetic Power Navy Blue,"30,00",https://cdn.notinoimg.com/list_2k//jeanne-arthes/3430750040266_01-o__220126.jpg
Jeep,Freedom,"122,00",https://cdn.notinoimg.com/list_2k//jeep/8055519860593_01-o__240115.jpg
Shaik,Chic Shaik No.70,"940,50",https://cdn.notinoimg.com/list_2k//shaik/6084000005993_01-o__150114.jpg
SANTINI Cosmetic,Ravanger,"104,00",https://cdn.notinoimg.com/list_2k//santini-cosmetic/8594175491142_01-o__181123.jpg
The Different Company,"Santo Incenso, Sillage Sacré","399,50",https://cdn.notinoimg.com/list_2k//the-different-company/3760033635354_01-o__191204.jpg
Tiziana Terenzi,Luna Andromeda,"1328,00",https://cdn.notinoimg.com/list_2k//tiziana-terenzi/8016741632433_01-o__160309.jpg
Tiziana Terenzi,Black Ecstasy,"979,00",https://cdn.notinoimg.com/list_2k//tiziana-terenzi/8016741952203_01-o__130904.jpg
Tiziana Terenzi,Black Laudano Nero,"979,00",https://cdn.notinoimg.com/list_2k//tiziana-terenzi/8016741002397_01-o__150915.jpg
Tiziana Terenzi,Black Maremma,"979,00",https://cdn.notinoimg.com/list_2k//tiziana-terenzi/8016741132322_01-o__150116.jpg
Montale,Black Musk,"381,00",https://cdn.notinoimg.com/list_2k//montale/mntblmu_aedp10_01-o__150202.jpg
Montale,Crystal Flowers,"368,90",https://cdn.notinoimg.com/list_2k//montale/3760260450126_01-o__150202.jpg
Montale,Spicy Aoud,"373,50",https://cdn.notinoimg.com/list_2k//montale/mntspau_aedp10_01-o__160809.jpg
Montale,Sweet Oriental Dream,"267,50",https://cdn.notinoimg.com/list_2k//montale/mntswdu_aedp10_01-o__150204.jpg
Montale,The New Rose,"375,90",https://cdn.notinoimg.com/list_2k//montale/mnttnru_aedp10_01-o__161213.jpg
Matiere Premiere,Bois d'Ebene,"586,10",https://cdn.notinoimg.com/list_2k//matiere_premiere/3770007317216_01-o__230511.jpg
Ralph Lauren,Polo Sport Fresh,"187,20",https://cdn.notinoimg.com/list_2k//ralph-lauren/3605972455338_01-o__231220.jpg
Roccobarocco,My Sir,"110,90",https://cdn.notinoimg.com/list_2k//roccobarocco/8011889077016_01-o__230215.jpg
Replay,Signature For Him,"56,50",https://cdn.notinoimg.com/list_2k//replay/679602197120_01-o__210830.jpg
Armaf,Excellus,"168,00",https://cdn.notinoimg.com/list_2k//armaf/6085010093734_01-o__200203.jpg
Armaf,Hunter Intense,"191,50",https://cdn.notinoimg.com/list_2k//armaf/arfhuim_aedt10_03__171026.jpg
Armaf,Voyage Blue,"133,00",https://cdn.notinoimg.com/list_2k//armaf/arfvglm_aedt10_03__171107.jpg
Atkinsons,Iconic 24 Old Bond Street Triple Extract,"537,00",https://cdn.notinoimg.com/list_2k//atkinsons/8011003866496_01-o__230203.jpg
Atkinsons,Iconic 44 Gerrard Street,"560,00",https://cdn.notinoimg.com/list_2k//atkinsons/8002135161207_01-o__230206.jpg
Atkinsons,Iconic Gold Fair In Mayfair,"783,20",https://cdn.notinoimg.com/list_2k//atkinsons/8011003866205_01-o__230201.jpg
Atkinsons,Oud Collection Oud Save The King,"943,20",https://cdn.notinoimg.com/list_2k//atkinsons/8002135119079_01-o__230131.jpg
Avon,Musk+ Freeze,"43,20",https://cdn.notinoimg.com/list_2k//avon/2800017826789_01-o__220328.jpg
Avon,Segno,"78,60",https://cdn.notinoimg.com/list_2k//avon/5050136402136_01-o__181203.jpg
Avon,Segno Impact,"116,00",https://cdn.notinoimg.com/list_2k//avon/2800016322411_01-o__220630.jpg
AZHA Perfumes,Cigar Oud,"97,60",https://cdn.notinoimg.com/list_2k//azha_perfumes/6629021040235_01-o__230522.jpg
Captain Fawcett,Original Rufus Hound's Triumphant,"329,20",https://cdn.notinoimg.com/list_2k//captain-fawcett/5060338441437_01-o__220629.jpg
Bond No. 9,Downtown Chez Bond,"687,40",https://cdn.notinoimg.com/list_2k//bond-no-9/888874000599_01-o__141110.jpg
Bond No. 9,Lafayette Street,"1072,00",https://cdn.notinoimg.com/list_2k//bond-no-9/888874006157_01-o__190416.jpg
Adidas,UEFA Champions League Star,"38,00",https://cdn.notinoimg.com/list_2k//adidas/3616304693649_01-o__231120.jpg
Amouage,Epic,"1146,00",https://cdn.notinoimg.com/list_2k//amouage/701666312918_01-o__240424.jpg
Amouage,Opus XIII: Silver Oud,"2119,00",https://cdn.notinoimg.com/list_2k//amouage/701666410560_01-o__240424.jpg
Amouage,Portrayal,"1578,00",https://cdn.notinoimg.com/list_2k//amouage/0701666330929_01-o__240424.jpg
Amouage,Opus XIV Royal Tobacco,"1578,00",https://cdn.notinoimg.com/list_2k//amouage/2800018847660_01-o__240424.jpg
Cuba,Prestige Legacy,"36,60",https://cdn.notinoimg.com/list_2k//cuba/cubplcm_aedt10_01__150407.jpg
Cuba,Prestige Platinum,"17,60",https://cdn.notinoimg.com/list_2k//cuba/cubprpm_aedt10_01__140422.jpg
Cuba,Signature,"26,70",https://cdn.notinoimg.com/list_2k//cuba/5425039222158_01-o__210909.jpg
Dear Barber,With Confidence,"138,00",https://cdn.notinoimg.com/list_2k//dear_barber/5014147000187_01-o__231027.jpg
Hawkins & Brimble,Fragrance Gift Set,"216,50",https://cdn.notinoimg.com/list_2k//hawkins-brimble/5060495675065_01-o__240327.jpg
Creed,Original Vetiver,"1130,00",https://cdn.notinoimg.com/list_2k//creed/3508441001091_01-o__190606.jpg
Cremo,Spray Cologne Bourbon & Oak,"156,00",https://cdn.notinoimg.com/list_2k//cremo/853382004629_01-o__230726.jpg
Cremo,Spray Cologne Citrus & Mint Leaf,"156,00",https://cdn.notinoimg.com/list_2k//cremo/811847034000_01-o__230726.jpg
Comptoir Sud Pacifique,Coco Extreme,"404,50",https://cdn.notinoimg.com/list_2k//comptoir-sud-pacifique/708123521722_01-o__150219.jpg
Fcuk,Connect Him,"65,60",https://cdn.notinoimg.com/list_2k//fcuk/fckcnhm_aedt10-01__130822.jpg
Etat Libre d’Orange,Dangerous Complicity,"321,50",https://cdn.notinoimg.com/list_2k//etat-libre-dorange/elddgcu_aedp25_01__150115.jpg
Kenneth Cole,Vintage Black,"165,30",https://cdn.notinoimg.com/list_2k//kenneth-cole/kecvibm_aedt__130111.jpg
Ulric de Varens,UDV Star,"50,10",https://cdn.notinoimg.com/list_2k//ulric-de-varens/3326240046545_01-o__210531.jpg
Grès,Pièce Unique,"94,50",https://cdn.notinoimg.com/list_2k//gres/7640163971200_01-o__160804.jpg
Dunhill,Dunhill Edition,"170,00",https://cdn.notinoimg.com/list_2k//dunhill/085715804013_01x-o__140630.jpg
Escentric Molecules,Escentric 03,"407,00",https://cdn.notinoimg.com/list_2k//escentric-molecules/5060103310104_01-o__140716.jpg
Escentric Molecules,Escentric 04,"407,00",https://cdn.notinoimg.com/list_2k//escentric-molecules/5060103310388_01-o__170907.jpg
Alyssa Ashley,Musk,"172,60",https://cdn.notinoimg.com/list_2k//alyssa-ashley/alymusu_aedp10_01__160523.jpg
Mancera,Intense Black Black Prestigium,"588,10",https://cdn.notinoimg.com/list_2k//mancera/2800011707510_01-o__160531.jpg
Avon,Attraction,"47,30",https://cdn.notinoimg.com/list_2k//avon/2800011687829_01-o__220214.jpg
AZHA Perfumes,Chevalier Noir,"60,00",https://cdn.notinoimg.com/list_2k//azha_perfumes/6629021040112_01-o__230522.jpg
Adidas,UEFA Champions League Best Of The Best,"34,00",https://cdn.notinoimg.com/list_2k//adidas/3616304474866_01-o__230207.jpg
Roja Parfums,Elysium Parfum Cologne,"1324,00",https://cdn.notinoimg.com/list_2k//roja-parfums/5060399670272_01-o__230622.jpg
Montale,Amber & Spices,"257,70",https://cdn.notinoimg.com/list_2k//montale/3905390090105_01-o__220809.jpg
Oriflame,Glacier Air,"71,50",https://cdn.notinoimg.com/list_2k//oriflame/2800014306543_01-o__220825.jpg
Khadlaj,Cashmere Warm Oud,"108,00",https://cdn.notinoimg.com/list_2k//khadlaj/6291107974781_01-o__231027.jpg
Armaf,Acute Men,"119,90",https://cdn.notinoimg.com/list_2k//armaf/6294015101522_01-o__210812.jpg
Armaf,Bucephalus XI,"191,50",https://cdn.notinoimg.com/list_2k//armaf/2800017744090_01-o__200203.jpg
Armaf,Ego Tigre,"172,30",https://cdn.notinoimg.com/list_2k//armaf/6294015155631_01-o__230403.jpg
Armaf,Voyage Titan,"130,50",https://cdn.notinoimg.com/list_2k//armaf/6294015161519_01-o__231205.jpg
Armaf,Radical Brown,"163,90",https://cdn.notinoimg.com/list_2k//armaf/6294015107128_01-o__200203.jpg
Armaf,Tag Him,"210,00",https://cdn.notinoimg.com/list_2k//armaf/2800017851590_01-o__200114.jpg
Armaf,Art Du Parfum,"136,90",https://cdn.notinoimg.com/list_2k//armaf/6294015155686_01-o__221125.jpg
Asombroso by Osmany Laffita,The Noble for Man,"281,00",https://cdn.notinoimg.com/list_2k//asombroso-by-osmany-laffita/8594192756255_01-o__230720.jpg
Aurora,Aroma II,"285,00",https://cdn.notinoimg.com/list_2k//aurora/3538781244018_01-o__230713.jpg
Aurora,Aroma IV,"285,00",https://cdn.notinoimg.com/list_2k//aurora/3838787284538_01-o__231212.jpg
Aurora,Aroma IX,"285,00",https://cdn.notinoimg.com/list_2k//aurora/8456007792455_01-o__231212.jpg
Aurora,Aroma V,"285,00",https://cdn.notinoimg.com/list_2k//aurora/3838797284532_01-o__231212.jpg
Aurora,Black Elixir,"479,00",https://cdn.notinoimg.com/list_2k//aurora/3538782244017_01-o__230714.jpg
Aurora,Explorer Black,"197,00",https://cdn.notinoimg.com/list_2k//aurora/3838788244538_01-o__231212.jpg
Aurora,Gold Calacatta,"182,00",https://cdn.notinoimg.com/list_2k//aurora/6290360541181_01-o__231212.jpg
Aurora,Cuban Insence,"285,00",https://cdn.notinoimg.com/list_2k//aurora/3834345700247_01-o__230717.jpg
Aurora,Black Marquina,"182,00",https://cdn.notinoimg.com/list_2k//aurora/6290360541211_01-o__230714.jpg
Aurora,Oud De Immortal,"337,00",https://cdn.notinoimg.com/list_2k//aurora/3538784844015_01-o__230714.jpg
Aurora,Epic Oud,"171,00",https://cdn.notinoimg.com/list_2k//aurora/3838787224538_01-o__230717.jpg
Aurora,Black Python,"337,00",https://cdn.notinoimg.com/list_2k//aurora/6290360541143_01-o__230717.jpg
Aurora,Saffron Extrait,"337,00",https://cdn.notinoimg.com/list_2k//aurora/6290360541150_01-o__230717.jpg
Aurora,Explorer Silver,"197,00",https://cdn.notinoimg.com/list_2k//aurora/3838789244534_01-o__230713.jpg
Aurora,Voyager Black,"197,00",https://cdn.notinoimg.com/list_2k//aurora/6290360540061_01-o__230713.jpg
Aurora,Volakas,"182,00",https://cdn.notinoimg.com/list_2k//aurora/6290360541198_01-o__230714.jpg
Aurora,Voyager Silver,"159,00",https://cdn.notinoimg.com/list_2k//aurora/6290360540078_01-o__230713.jpg
Avon,Black Suede,"58,90",https://cdn.notinoimg.com/list_2k//avon/2495160000072_01-o__230927.jpg
Avon,Black Suede Real,"37,30",https://cdn.notinoimg.com/list_2k//avon/2800018976186_01-o__230901.jpg
Avon,Elite Gentleman,"67,50",https://cdn.notinoimg.com/list_2k//avon/2800010407374_01-o__130502.jpg
Avon,Musk+ Instinct,"33,20",https://cdn.notinoimg.com/list_2k//avon/2800019966261_01-o__240531.jpg
Avon,Musk+ Metropolitano,"33,20",https://cdn.notinoimg.com/list_2k//avon/2800019966278_01-o__240531.jpg
Avon,Full Speed Pulse,"62,10",https://cdn.notinoimg.com/list_2k//avon/2800019388865_01-o__240109.jpg
Avon,Wild Country Rush,"61,30",https://cdn.notinoimg.com/list_2k//avon/2800013230252_01-o__220909.jpg
AZHA Perfumes,Agarwood Amber,"152,90",https://cdn.notinoimg.com/list_2k//azha_perfumes/6629021040358_01-o__230522.jpg
AZHA Perfumes,Explosion,"91,00",https://cdn.notinoimg.com/list_2k//azha_perfumes/6629021040242_01-o__230522.jpg
AZHA Perfumes,Fuji,"142,50",https://cdn.notinoimg.com/list_2k//azha_perfumes/6629021040303_01-o__230519.jpg
AZHA Perfumes,Mishmish Al Oud,"133,80",https://cdn.notinoimg.com/list_2k//azha_perfumes/6629021040259_01-o__230522.jpg
AZHA Perfumes,Oudn Cuir,"142,50",https://cdn.notinoimg.com/list_2k//azha_perfumes/6629021040266_01-o__230522.jpg
AZHA Perfumes,Oud Celestial,"142,50",https://cdn.notinoimg.com/list_2k//azha_perfumes/6629021040273_01-o__230519.jpg
AZHA Perfumes,Sandal Rose,"139,90",https://cdn.notinoimg.com/list_2k//azha_perfumes/6629021040297_01-o__230519.jpg
AZHA Perfumes,Stunning Oud,"117,20",https://cdn.notinoimg.com/list_2k//azha_perfumes/6629021040327_01-o__230522.jpg
Al Haramain,Vintage Classic,"121,00",https://cdn.notinoimg.com/list_2k//al-haramain/ahrvncm_aedp10_03__150723.jpg
Etienne Aigner,Black for Man,"163,40",https://cdn.notinoimg.com/list_2k//etienne-aigner/aigblam_aedt__130904.jpg
Etienne Aigner,X-Limited,"103,00",https://cdn.notinoimg.com/list_2k//etienne-aigner/aigxliu_aedt__130410.jpg
Ajmal,Elixir Suave,"505,80",https://cdn.notinoimg.com/list_2k//ajmal/6293708013951_01-o__210316.jpg
Ajmal,Oudesire,"729,10",https://cdn.notinoimg.com/list_2k//ajmal/6293708008933_01-o__200102.jpg
Ajmal,Mukhallat Shams,"235,50",https://cdn.notinoimg.com/list_2k//ajmal/ajmmshu_aedp20_01__160718.jpg
Ajmal,Neutron,"62,20",https://cdn.notinoimg.com/list_2k//ajmal/ajmneum_aedp10_01__160718.jpg
Ajmal,Patchouli Wood,"429,50",https://cdn.notinoimg.com/list_2k//ajmal/6293708008612_01-o__191218.jpg
Ajmal,Qasida,"247,50",https://cdn.notinoimg.com/list_2k//ajmal/6293708015368_01-o__230619.jpg
Ajmal,Titanium,"59,80",https://cdn.notinoimg.com/list_2k//ajmal/ajmtitm_aedp10_01__160802.jpg
Ajmal,Zeal,"117,00",https://cdn.notinoimg.com/list_2k//ajmal/6293708009275_01-o__220727.jpg
Alexandre.J,The Collector: Golden Oud,"637,00",https://cdn.notinoimg.com/list_2k//alexandrej/3760016770270_01-o__150115.jpg
Alexandre.J,The Collector: Rose Oud,"637,00",https://cdn.notinoimg.com/list_2k//alexandrej/3760016770300_01-o__150115.jpg
Alexandre.J,The Collector: Silver Ombre,"637,00",https://cdn.notinoimg.com/list_2k//alexandrej/3760016770317_01-o__210923.jpg
Alexandre.J,The Collector: Zafeer Oud Vanille,"637,00",https://cdn.notinoimg.com/list_2k//alexandrej/3760016770294_01-o__150114.jpg
Alyssa Ashley,Musk,"63,70",https://cdn.notinoimg.com/list_2k//alyssa-ashley/3495080703113_01-o__221013.jpg
GOUTAL,Eau de Monsieur,"746,00",https://cdn.notinoimg.com/list_2k//goutal/711367109762_01-o__230807.jpg
Animale,Animale Gold,"111,10",https://cdn.notinoimg.com/list_2k//animale/878813000094_01-o__230306.jpg
BULGARI,Eau Parfumée Au Thé Vert,"451,00",https://cdn.notinoimg.com/list_2k//bvlgari/783320471506xx_02__200827.jpg
BYREDO,Black Saffron,"710,00",https://cdn.notinoimg.com/list_2k//byredo/7340032809251_01-o__221103.jpg
BYREDO,Super Cedar,"710,00",https://cdn.notinoimg.com/list_2k//byredo/7340032815443_01-o__221103.jpg
Byblos,Carbon,"93,00",https://cdn.notinoimg.com/list_2k//byblos/8007033789140_01-o__240126.jpg
Byblos,Leather,"93,00",https://cdn.notinoimg.com/list_2k//byblos/8007033788198_01-o__240126.jpg
Byblos,Stone,"93,00",https://cdn.notinoimg.com/list_2k//byblos/8007033789164_01-o__240126.jpg
Benetton,Colors de Benetton Man Black Intenso,"142,00",https://cdn.notinoimg.com/list_2k//benetton/8433982026218_01-o__240513.jpg
Benetton,Colors de Benetton Man Black,"125,00",https://cdn.notinoimg.com/list_2k//benetton/8433982025891_01-o__240513.jpg
Benetton,Colors de Benetton Man,"111,00",https://cdn.notinoimg.com/list_2k//benetton/8433982025594_01-o__240416.jpg
Boucheron,Quatre,"190,00",https://cdn.notinoimg.com/list_2k//boucheron/3386460066136_01-o__220909.jpg
Bonmilano,Elegance,"133,70",https://cdn.notinoimg.com/list_2k//bonmilano/6290361940143_01-o__240426.jpg
Bentley,Beyond The Collection Majestic Cashmere,"467,90",https://cdn.notinoimg.com/list_2k//bentley/7640171192802_01-o__200519.jpg
Bentley,Beyond The Collection Wild Vetiver,"468,10",https://cdn.notinoimg.com/list_2k//bentley/7640171192826_01-o__200519.jpg
Cartier,Déclaration Red Edition,"437,50",https://cdn.notinoimg.com/list_2k//cartier/3432240504685_01-o__221007.jpg
Clive Christian,L for Men,"1313,50",https://cdn.notinoimg.com/list_2k//clive-christian/cchlfmm_aedp20_03__171004.jpg
Clive Christian,Noble VII Rock Rose,"1625,00",https://cdn.notinoimg.com/list_2k//clive-christian/652638004334_03__180103.jpg
Clive Christian,Private Collection E Gourmande Oriental,"1121,10",https://cdn.notinoimg.com/list_2k//clive-christian/652638004679_01-o__211221.jpg
Eisenberg,Eau Fraîche,"293,00",https://cdn.notinoimg.com/list_2k//eisenberg/3259550301250_01-o__240315.jpg
Eisenberg,Le Péché,"293,00",https://cdn.notinoimg.com/list_2k//eisenberg/3259550501452_01-o__240315.jpg
Eisenberg,Secret IV Rituel d'Orient,"491,00",https://cdn.notinoimg.com/list_2k//eisenberg/3259551007717_01-o__180206.jpg
Eisenberg,Secret II Bois Precieux,"491,00",https://cdn.notinoimg.com/list_2k//eisenberg/3259551007694_01-o__180206.jpg
Etat Libre d’Orange,Fat Electrician,"354,60",https://cdn.notinoimg.com/list_2k//etat-libre-dorange/eldfaem_aedp10_01__160809.jpg
Eutopie,No. 2,"742,00",https://cdn.notinoimg.com/list_2k//eutopie/3760224770024_01-o__190813.jpg
Eutopie,No. 6,"742,00",https://cdn.notinoimg.com/list_2k//eutopie/3760224770093_01-o__190813.jpg
Memo,Luxor Oud,"738,00",https://cdn.notinoimg.com/list_2k//memo/memluou_aedp10_03__171206.jpg
Memo,Moon Fever,"830,10",https://cdn.notinoimg.com/list_2k//memo/3700458611502_01-o__171130.jpg
Memo,Shams Oud,"766,70",https://cdn.notinoimg.com/list_2k//memo/3700458611267_01-o__230411.jpg
M. Micallef,Avant-Garde,"454,00",https://cdn.notinoimg.com/list_2k//m-micallef/3760060775313_01-o__150910.jpg
M. Micallef,Délice,"777,80",https://cdn.notinoimg.com/list_2k//m-micallef/3760231051130_01-o__220324.jpg
M. Micallef,Gaiac,"454,00",https://cdn.notinoimg.com/list_2k//m-micallef/3760060773074_01-o__150914.jpg
M. Micallef,Glamour,"871,10",https://cdn.notinoimg.com/list_2k//m-micallef/micglaw_aedp20_03__170516.jpg
M. Micallef,Jewel Collection Osaito,"1059,00",https://cdn.notinoimg.com/list_2k//m-micallef/micosam_aedp10_03__160912.jpg
M. Micallef,Royal Vintage,"1059,00",https://cdn.notinoimg.com/list_2k//m-micallef/3760060779083_01-o__151210.jpg
Miller Harris,Rose Silence,"645,50",https://cdn.notinoimg.com/list_2k//miller-harris/milrosu_aedp10_03__170424.jpg
Montale,Red Aoud,"273,90",https://cdn.notinoimg.com/list_2k//montale/2800011702638_01-o__160126.jpg
Montale,Aoud Safran,"392,90",https://cdn.notinoimg.com/list_2k//montale/mntasau_aedp10_01-o__140718.jpg
Montale,Aoud Sense,"291,90",https://cdn.notinoimg.com/list_2k//montale/mntaseu_aedp10_01-o__151029.jpg
Mustang,Classic,"67,50",https://cdn.notinoimg.com/list_2k//mustang/849017006953_01-o__221216.jpg
Maison Tahité,Cafe Gourmand,"469,00",https://cdn.notinoimg.com/list_2k//maison_tahite/8050043462947_01-o__230616.jpg
Maison Tahité,Coffee Bomb,"469,00",https://cdn.notinoimg.com/list_2k//maison_tahite/8050043462930_01-o__230616.jpg
Maison Tahité,Carnal Cacao,"469,00",https://cdn.notinoimg.com/list_2k//maison_tahite/8050043462992_01-o__230616.jpg
Maison Tahité,Floranilla,"469,00",https://cdn.notinoimg.com/list_2k//maison_tahite/8050043463012_01-o__230616.jpg
Maison Tahité,I_Ristretto,"469,00",https://cdn.notinoimg.com/list_2k//maison_tahite/8050043462923_01-o__230616.jpg
Maison Tahité,Vanexstasy,"469,00",https://cdn.notinoimg.com/list_2k//maison_tahite/8050043463005_01-o__230616.jpg
Maison Tahité,Velvet Coffee,"469,00",https://cdn.notinoimg.com/list_2k//maison_tahite/8050043462916_01-o__230616.jpg
Maison Tahité,Vanilla²,"419,00",https://cdn.notinoimg.com/list_2k//maison_tahite/8050043463029_01-o__230616.jpg
Shaik,Opulent Shaik Gold Edition,"1783,00",https://cdn.notinoimg.com/list_2k//shaik/shosgem_aedp20_05__140815.jpg
SANTINI Cosmetic,Daniell,"56,10",https://cdn.notinoimg.com/list_2k//santini-cosmetic/8594175490381_01x-o__181119.jpg
Luxury Concept,Tippu Sultan,"121,00",https://cdn.notinoimg.com/list_2k//luxury_concept/6297000426006_01-o__230830.jpg
BYREDO,Bibliotheque,"710,00",https://cdn.notinoimg.com/list_2k//byredo/7340032816280_01-o__221103.jpg
Al Haramain,Oudh Adam,"407,20",https://cdn.notinoimg.com/list_2k//al-haramain/6291100130290_01-o__221111.jpg
Hollister,Feelin' Good For Him,"128,00",https://cdn.notinoimg.com/list_2k//hollister/85715267658_01-o__240415.jpg
HOT,Shiatsu Dark Blue,"155,90",https://cdn.notinoimg.com/list_2k//hot/4042342006308_01-o__240328.jpg
Erbario Toscano,Fumo di Oppio,"215,00",https://cdn.notinoimg.com/list_2k//erbario-toscano/8027291343724_01-o__240418.jpg
Dermacol,Fresh Pine & Pepper,"107,60",https://cdn.notinoimg.com/list_2k//dermacol/8595003117135_01-o__230222.jpg
Dermacol,Men Agent Eternal Victory,"102,00",https://cdn.notinoimg.com/list_2k//dermacol/8595003130035_01-o__240405.jpg
Escentric Molecules,Molecule 04,"359,00",https://cdn.notinoimg.com/list_2k//escentric-molecules/5060103310371_01-o__171113.jpg
Instituto Español,Poseidon Man,"70,30",https://cdn.notinoimg.com/list_2k//instituto_espanol/8411047151426_01-o__220425.jpg
Instituto Español,Poseidon Blue,"72,40",https://cdn.notinoimg.com/list_2k//instituto_espanol/8411047136461_01-o__240125.jpg
Instituto Español,Poseidon Gold,"91,90",https://cdn.notinoimg.com/list_2k//instituto_espanol/8411047151587_01-o__240125.jpg
Instituto Español,Poseidon Kaos,"78,70",https://cdn.notinoimg.com/list_2k//instituto_espanol/8411047151570_01-o__240125.jpg
Niche Emarati,Vintage Castle,"227,10",https://cdn.notinoimg.com/list_2k//niche_emarati/6290360593005_01-o__231213.jpg
N.C.P. Olfactives,101 Clementine & Violet Flower,"81,00",https://cdn.notinoimg.com/list_2k//ncp_olfactives/7340167320133_01-o__230424.jpg
N.C.P. Olfactives,102 Ginger & Lime,"110,00",https://cdn.notinoimg.com/list_2k//ncp_olfactives/7340167320317_01-o__230421.jpg
N.C.P. Olfactives,401 Lavender & Juniper,"81,00",https://cdn.notinoimg.com/list_2k//ncp_olfactives/7340167320287_01-o__230424.jpg
N.C.P. Olfactives,705 Leather & Oud,"151,00",https://cdn.notinoimg.com/list_2k//ncp_olfactives/7340167320461_01-o__230421.jpg
N.C.P. Olfactives,707 Oud & Patchouly,"135,00",https://cdn.notinoimg.com/list_2k//ncp_olfactives/7340167320522_01-o__230421.jpg
N.C.P. Olfactives,706 Saffron & Oud,"151,00",https://cdn.notinoimg.com/list_2k//ncp_olfactives/7340167320492_01-o__230421.jpg
Zimaya,Ghyoom,"128,50",https://cdn.notinoimg.com/list_2k//zimaya/6290171073703_01-o__231115.jpg
John Varvatos,XX Indigo,"208,50",https://cdn.notinoimg.com/list_2k//john-varvatos/719346700795_01-o__220615.jpg
Memo,Marfa,"962,00",https://cdn.notinoimg.com/list_2k//memo/3700458612332_01-o__230411.jpg
Nishane,Papilefiko,"1468,00",https://cdn.notinoimg.com/list_2k//nishane/2800018493300_01-o__230306.jpg
Fragrance Du Bois,Oud Rose Intense,"2410,00",https://cdn.notinoimg.com/list_2k//fragrance_du_bois/5081304300978_01-o__230504.jpg
Fragrance Du Bois,Parisian,"1787,00",https://cdn.notinoimg.com/list_2k//fragrance_du_bois/5081304302255_01-o__230505.jpg
Fragrance Du Bois,Amber Intense,"2964,00",https://cdn.notinoimg.com/list_2k//fragrance_du_bois/5081304301234_01-o__230505.jpg
Juicy Couture,Dirty English,"131,20",https://cdn.notinoimg.com/list_2k//juicy-couture/098691045448_01-o__220718.jpg
STR8,Faith,"43,00",https://cdn.notinoimg.com/list_2k//str8/5201314168751_01-o__240403.jpg
SANTINI Cosmetic,Christian,"104,00",https://cdn.notinoimg.com/list_2k//santini-cosmetic/8594175490053_01x-o__181119.jpg
Steve's,No Bull***t Sumava,"304,20",https://cdn.notinoimg.com/list_2k//steves/8595713605144_01-o__231218.jpg
Steve's,No Bull***t Shaving Box Nostalgia,"292,50",https://cdn.notinoimg.com/list_2k//steves/8595713600132_01__230925.jpg
Steve's,No Bull***t Blue Velvet,"304,20",https://cdn.notinoimg.com/list_2k//steves/8595713605045_01-o__231108.jpg
Steve's,No Bull***t Liberty 142,"304,20",https://cdn.notinoimg.com/list_2k//steves/8595713605090_01-o__231108.jpg
Teatro Fragranze,Oro,"646,00",https://cdn.notinoimg.com/list_2k//teatro-fragranze/8058159965154_01-o__190701.jpg
Ulric de Varens,Version Black,"46,10",https://cdn.notinoimg.com/list_2k//ulric-de-varens/3326240045036_01-o__210531.jpg
Unique'e Luxury,Aphrodisiac Touch,"749,70",https://cdn.notinoimg.com/list_2k//uniquee_luxury/8681925004728_01-o__240424.jpg
Unique'e Luxury,Akdeniz,"884,00",https://cdn.notinoimg.com/list_2k//uniquee_luxury/8681925004766_01-o__230502.jpg
Unique'e Luxury,Beril,"922,00",https://cdn.notinoimg.com/list_2k//uniquee_luxury/8681925004803_01-o__230504.jpg
Unique'e Luxury,Chocolate Makes me Happy,"948,20",https://cdn.notinoimg.com/list_2k//uniquee_luxury/8681925004797_01-o__230502.jpg
Unique'e Luxury,Mashumaro,"1562,80",https://cdn.notinoimg.com/list_2k//uniquee_luxury/2800018664137_01-o__230605.jpg
Unique'e Luxury,SoScentific,"948,20",https://cdn.notinoimg.com/list_2k//uniquee_luxury/8681925004773_01-o__230502.jpg
Oriflame,Swedish Experience Wild Hearts,"112,80",https://cdn.notinoimg.com/list_2k//oriflame/2800018781506_01-o__230710.jpg
Molton Brown,Re-charge Black Pepper Eau De Toilette,"596,90",https://cdn.notinoimg.com/list_2k//molton_brown/008080125361_01-o__210922.jpg
Molton Brown,Tobacco Absolute,"436,30",https://cdn.notinoimg.com/list_2k//molton_brown/008080125446_01-o__210922.jpg
Jeanne Arthes,J.S. Magnetic Power Sport,"34,00",https://cdn.notinoimg.com/list_2k//jeanne-arthes/3430750047807_01-o__201203.jpg
Prada,Les Infusions: Infusion de Vetiver,"695,00",https://cdn.notinoimg.com/list_2k//prada/8435137743896_01x-o__190209.jpg
Prada,Luna Rossa Ocean,"608,00",https://cdn.notinoimg.com/list_2k//prada/3614273950114_01-o__230406.jpg
Diesel,Spirit of the Brave,"177,00",https://cdn.notinoimg.com/list_2k//diesel/3614272631892_01-o__190516.jpg
Tom Tailor,True Values For Him,"67,40",https://cdn.notinoimg.com/list_2k//tom-tailor/4051395192166_01-o__221024.jpg
N.C.P. Olfactives,602 Sandalwood & Cedarwood,"110,00",https://cdn.notinoimg.com/list_2k//ncp_olfactives/7340167320348_01-o__230421.jpg
Instituto Español,Poseidon Only Man,"57,60",https://cdn.notinoimg.com/list_2k//instituto_espanol/8411047151518_01-o__240118.jpg
Philipp Plein,The $kull Gold,"1301,30",https://cdn.notinoimg.com/list_2k//philipp_plein/7640365140893_01-o__231205.jpg
HOT,Twilight Pheromone Natural Spray,"69,80",https://cdn.notinoimg.com/list_2k//hot/4042342006179_01-o__240321.jpg
Bond No. 9,Chinatown,"903,70",https://cdn.notinoimg.com/list_2k//bond-no-9/888874001251_01-o__130515.jpg
N.C.P. Olfactives,201 Apple & Driftwood,"81,00",https://cdn.notinoimg.com/list_2k//ncp_olfactives/7340167320195_01-o__230424.jpg
Mancera,Lemon Line,"589,80",https://cdn.notinoimg.com/list_2k//mancera/2800011278683_01-o__230315.jpg
Mancera,Wind Wood,"633,50",https://cdn.notinoimg.com/list_2k//mancera/3760265191321_01-o__150323.jpg
Fragrance Du Bois,London Spice,"1429,00",https://cdn.notinoimg.com/list_2k//fragrance_du_bois/5065009151011_01-o__230504.jpg
Prada,Les Infusions: Infusion Rose,"695,00",https://cdn.notinoimg.com/list_2k//prada/8435137754601_01x-o__190214.jpg
Guess,Uomo,"218,00",https://cdn.notinoimg.com/list_2k//guess/85715326607_01-o__231116.jpg
Fragrance Du Bois,Milano,"1173,00",https://cdn.notinoimg.com/list_2k//fragrance_du_bois/5081304448465_01-o__230509.jpg
Laboratorio Olfattivo,Vanhera,"516,60",https://cdn.notinoimg.com/list_2k//laboratorio-olfattivo/8050043460158_01-o__190730.jpg
Lalique,Noir Premier Illusion Captive,"660,00",https://cdn.notinoimg.com/list_2k//lalique/7640111504030_01-o__200317.jpg
Floris,Honey Oud,"781,70",https://cdn.notinoimg.com/list_2k//floris/flshoou_aedp10_04__161006.jpg
Lattafa,Pride Al Ameed,"148,00",https://cdn.notinoimg.com/list_2k//lattafa/6291108738252_01-o__220923.jpg
Avon,Musk+ Mineralis,"45,10",https://cdn.notinoimg.com/list_2k//avon/2800018754593_01-o__230629.jpg
Laboratorio Olfattivo,Cozumel,"443,70",https://cdn.notinoimg.com/list_2k//laboratorio-olfattivo/8050043460028_01-o__140730.jpg
Bottega Verde,Black Amber,"70,00",https://cdn.notinoimg.com/list_2k//bottega_verde/8053732058483_01-o__240116.jpg
Rasasi,Junoon Satin Pour Homme,"232,70",https://cdn.notinoimg.com/list_2k//rasasi/614514253038_01-o__170103.jpg
Instituto Español,Poseidon King,"60,70",https://cdn.notinoimg.com/list_2k//instituto_espanol/8411047136188_01-o__240124.jpg
Khadlaj,Karus Oud Secret Musk,"324,00",https://cdn.notinoimg.com/list_2k//khadlaj/6291107975870_01-o__240408.jpg
